nome;nazionale;ruolo;quotazione
AARONSON B;USA;C;6
AASGAARD;NORVEGIA;C;16
ABADA;ALGERIA;D;2
ABDALLAH A;EGITTO;A;4
ABDEL KARIM;EGITTO;A;5
ABDELMOMEN M;EGITTO;D;7
ABDI A;TUNISIA;A;6
ABDULHAMID;ARABIA SAUDITA;D;3
ABDULLAYEV;UZBEKISTAN;C;4
ABDURISAG Y;QATAR;A;3
ABU HASHEESH;GIORDANIA;D;1
ABU LAYLA;GIORDANIA;P;5
ABUALNADI;GIORDANIA;D;4
ABUDAHAB;GIORDANIA;D;1
ABUNADA M;QATAR;P;1
ACEVEDO C;MESSICO;P;1
ACHOURI;TUNISIA;C;7
ADAMS CH;SCOZIA;A;19
ADAMS J;SUDAFRICA;C;8
ADAMS T;USA;C;6
ADE;HAITI;D;6
ADEL I;EGITTO;A;6
ADINGRA;IVORY COAST;C;9
ADJETEY;GHANA;D;5
ADU P;GHANA;A;6
AEBISCHER;SVIZZERA;C;6
AFFENGRUBER D;AUSTRIA;D;3
AFIF;QATAR;A;13
AGBADOU;IVORY COAST;D;5
AGUIRRE R;URUGUAY;C;18
AHMED AL;CANADA;C;4
AHMED H;QATAR;D;3
AIT-NOURI;ALGERIA;D;6
AJER;NORVEGIA;D;10
AKANJI M;SVIZZERA;D;10
AKAYDIN;TURCHIA;D;8
AKE;OLANDA;D;8
AKGUN;TURCHIA;A;14
AKLIOUCHE;FRANCIA;C;10
AKTURKOGLU;TURCHIA;A;23
AL AMMARI A;IRAQ;C;3
AL AQIDI;ARABIA SAUDITA;P;1
AL ARAB;GIORDANIA;D;2
AL BRAIK;QATAR;D;2
AL DAWOUD;GIORDANIA;C;3
AL DAWSARI;ARABIA SAUDITA;C;6
AL DAWSARI S;ARABIA SAUDITA;C;7
AL FADHLI F;IRAQ;P;1
AL FAKHOURI;GIORDANIA;P;1
AL GANEHI;QATAR;C;7
AL GHANNAM K;ARABIA SAUDITA;A;1
AL HAMDAN;ARABIA SAUDITA;A;7
AL HARBI;ARABIA SAUDITA;D;5
AL HAYDOS;QATAR;C;5
AL HUSSAIN MA;QATAR;D;1
AL JOHANI;ARABIA SAUDITA;C;3
AL JUWAYR;ARABIA SAUDITA;C;6
AL KASSAR;ARABIA SAUDITA;P;1
AL KHAIBARI;ARABIA SAUDITA;C;5
AL MANAI;QATAR;C;4
AL OUI;QATAR;D;2
AL OWAIS;ARABIA SAUDITA;P;7
AL RASHDAN;GIORDANIA;C;1
AL RAWABDEH;GIORDANIA;C;8
AL ROSAN;GIORDANIA;D;1
AL SHAMAT;ARABIA SAUDITA;D;3
AL SHEHRI;ARABIA SAUDITA;A;15
AL TAMBAKTI;ARABIA SAUDITA;D;2
AL TEKREETI;IRAQ;D;5
ALAA M;EGITTO;P;1
ALAA T;EGITTO;C;4
ALAAELDIN;QATAR;A;4
ALABA;AUSTRIA;D;8
ALAJBEGOVIC;BOSNIA;C;8
AL-BURAIKIN;ARABIA SAUDITA;A;4
ALCIVAR J;ECUADOR;C;3
ALDERETE;PARAGUAY;D;8
ALEX B;SPAGNA;C;6
ALEX SANDRO;BRASILE;D;8
AL-HEJJ;ARABIA SAUDITA;C;2
ALI AL HAMADI;IRAQ;A;4
ALI HU;IRAQ;D;1
ALI M;IRAQ;A;12
ALI MAJRASHI;ARABIA SAUDITA;D;4
ALI OLWAN;GIORDANIA;A;9
ALI T;SVEZIA;C;4
ALIJONOV;UZBEKISTAN;D;6
ALIPOUR;IRAN;A;5
ALISSON;BRASILE;P;1
ALMADA T;ARGENTINA;C;12
ALMIRON M;PARAGUAY;C;6
ALMOEZ ALI;QATAR;A;1
ALONSO J;PARAGUAY;D;7
AL-TAMARI;GIORDANIA;A;5
ALVARADO R;MESSICO;A;6
ALVAREZ;ARGENTINA;A;25
ALVAREZ E;MESSICO;C;4
AMAIMOUNI;MAROCCO;A;7
AMDOUNI;SVIZZERA;A;6
AMENDA A;SVIZZERA;D;4
AMIRI;GERMANIA;C;8
AMONOV;UZBEKISTAN;A;4
AMOURA M;ALGERIA;A;18
AMRABAT;MAROCCO;C;9
AMYN;IRAQ;C;3
ANANG J;GHANA;P;1
ANDERSON;INGHILTERRA;C;13
ANDRADE A;PANAMA;D;4
ANGULO N;ECUADOR;A;4
ANTON;GERMANIA;D;7
ANTONISSE;CURACAO;A;9
AOUAR;ALGERIA;C;5
APPOLLIS;SUDAFRICA;C;9
ARAUJO;PORTOGALLO;D;6
ARAUJO DS;URUGUAY;D;10
ARAUJO V;URUGUAY;A;15
ARCANJO T;CAPO VERDE;C;2
ARCE A;PARAGUAY;A;11
ARCUS C;HAITI;D;4
ARDA GULER;TURCHIA;C;16
AREVALO;ECUADOR;A;12
ARFSTEN;USA;A;14
ARIAS;COLOMBIA;C;6
ARIAS S;COLOMBIA;D;6
ARNAUTOVIC;AUSTRIA;A;20
AROUS AD;TUNISIA;D;3
ASARE B;GHANA;P;1
ASHOUR E;EGITTO;C;5
ASHURMATOV;UZBEKISTAN;D;3
ATTIA;EGITTO;D;4
AURSNES;NORVEGIA;C;7
AVALOS G;PARAGUAY;A;13
AYARI;SVEZIA;C;9
AYARI K;TUNISIA;A;3
AYDIN;TURCHIA;A;16
AYEW JORDAN;GHANA;A;20
AYHAN;TURCHIA;D;5
AZAIZEH;GIORDANIA;A;5
BABA;GHANA;D;4
BACUNA J;CURACAO;A;13
BACUNA LJJ;CURACAO;C;8
BADAWI;GIORDANIA;D;2
BAE;COREA DEL SUD;C;8
BAJRAKTAREVIC E;BOSNIA;A;12
BAKAMBU C;CONGO;A;7
BALBUENA F;PARAGUAY;D;9
BALOGUN;USA;A;20
BANI ATTIAH;GIORDANIA;P;4
BANZA;CONGO;A;3
BARBAROUSES;NUOVA ZELANDA;A;10
BARCENAS E;PANAMA;A;6
BARCO V;ARGENTINA;D;4
BARCOLA;FRANCIA;A;23
BARDAKCI;TURCHIA;D;8
BARSHAM;QATAR;P;6
BASIC I;BOSNIA;C;7
BATUBINSIKA D;CONGO;D;5
BATURINA M;CROAZIA;C;10
BAUMANN;GERMANIA;P;1
BAYESH I;IRAQ;C;6
BAYINDIR;TURCHIA;P;12
BAYLISS;NUOVA ZELANDA;C;1
BAZDAR;BOSNIA;A;14
BAZOER;CURACAO;D;1
BEACH P;AUSTRALIA;P;1
BEHICH E;AUSTRALIA;D;7
BEIER;GERMANIA;A;14
BEIRANVAND A;IRAN;P;6
BELAID;ALGERIA;D;1
BELAMMARI;MAROCCO;D;7
BELGHALI R;ALGERIA;D;4
BELL J;NUOVA ZELANDA;C;3
BELLEGARDE;HAITI;C;6
BELLINGHAM;INGHILTERRA;C;19
BEN DOAK;SCOZIA;A;16
BEN HMIDA;TUNISIA;D;4
BEN HSAN;TUNISIA;P;1
BEN OUANES;TUNISIA;C;3
BENBOT;ALGERIA;P;1
BENBOUALI;ALGERIA;A;9
BENCHIMOL;CAPO VERDE;A;1
BENSEBAINI;ALGERIA;D;7
BENTALEB;ALGERIA;C;7
BENTANCUR;URUGUAY;C;12
BERG;NORVEGIA;C;9
BERGE;NORVEGIA;C;10
BERGVALL L;SVEZIA;C;4
BERHALTER;USA;C;5
BERNARDO SILVA;PORTOGALLO;C;16
BERNHARDSSON A;SVEZIA;A;8
BINDON;NUOVA ZELANDA;D;7
BJORKAN;NORVEGIA;D;6
BLACKMAN C;PANAMA;D;6
BOAKYE A;GHANA;C;3
BOBADILLA D;PARAGUAY;C;9
BOBB;NORVEGIA;C;15
BODAK;CURACAO;P;1
BOMBITO M;CANADA;D;5
BONGONDA T;CONGO;A;13
BONNY;IVORY COAST;A;13
BONSU BAAH;GHANA;A;5
BORGES E;CAPO VERDE;D;4
BOS;AUSTRALIA;D;8
BOUADDI;MAROCCO;C;7
BOUDAOUI;ALGERIA;C;7
BOUDIAF;QATAR;C;2
BOULBINA;ALGERIA;A;6
BOUNOU;MAROCCO;P;10
BOUSHAL N;ARABIA SAUDITA;D;5
BOXALL;NUOVA ZELANDA;D;6
BRADY;USA;P;1
BREMER;BRASILE;D;6
BRENET;CURACAO;C;4
BROBBEY B;OLANDA;A;14
BRONN;TUNISIA;D;2
BROWN NA;GERMANIA;D;6
BRUNO FERNANDES;PORTOGALLO;C;23
BUCHANAN;CANADA;D;9
BUDIMIR;CROAZIA;A;21
BUENO S;URUGUAY;D;7
BURGESS C;AUSTRALIA;D;6
BURN;INGHILTERRA;D;11
BURNIC;BOSNIA;C;7
CABALLERO;PARAGUAY;A;2
CABRAL J;CAPO VERDE;A;9
CABRAL LS;CAPO VERDE;C;1
CACACE;NUOVA ZELANDA;D;5
CACERES JJ;PARAGUAY;D;8
CACERES S;URUGUAY;D;8
CAICEDO JO;ECUADOR;A;3
CAICEDO M;ECUADOR;C;6
CAKIR;TURCHIA;P;5
CALETA-CAR;CROAZIA;D;8
CALHANOGLU;TURCHIA;C;15
CAMARA L;SENEGAL;C;7
CAMPAZ;COLOMBIA;C;8
CANALE D;PARAGUAY;D;4
CANCELO;PORTOGALLO;D;12
CANOBBIO A;URUGUAY;A;17
CARRASCAL J;COLOMBIA;C;10
CARRASQUILLA A;PANAMA;C;5
CASEMIRO;BRASILE;C;12
CASIMIR;HAITI;A;3
CASTAGNE;BELGIO;D;10
CASTANO GIL;COLOMBIA;C;11
CASTILLO D;ECUADOR;C;3
CASTROP;COREA DEL SUD;C;4
CELIK;TURCHIA;D;9
CERV;REPUBBLICA CECA;C;8
CESNEROS H;PANAMA;C;6
CHAIBI;ALGERIA;C;8
CHAINE;SUDAFRICA;P;1
CHALOUPEK;REPUBBLICA CECA;D;5
CHAMAKH A;TUNISIA;P;1
CHAMBERS A;PANAMA;D;2
CHAOUAT;TUNISIA;A;2
CHAVEZ L;MESSICO;C;3
CHAVEZ M;MESSICO;D;3
CHERGUI S;ALGERIA;D;4
CHERKI;FRANCIA;C;15
CHESHMI;IRAN;C;3
CHIKHAOUI;TUNISIA;C;2
CHO GS;COREA DEL SUD;A;6
CHO WJ;COREA DEL SUD;D;9
CHOINIERE;CANADA;C;4
CHONG;CURACAO;C;6
CHORY;REPUBBLICA CECA;A;8
CHRISTIE;SCOZIA;C;10
CHUKWUEMEKA;AUSTRIA;C;12
CHYTIL;REPUBBLICA CECA;A;5
CIPENGA;CONGO;D;2
CIRCATI;AUSTRALIA;D;3
CISS;SENEGAL;C;6
COMENENCIA;CURACAO;C;7
COMERT;SVIZZERA;D;5
CONCEICAO F;PORTOGALLO;C;15
CORDOBA J;COLOMBIA;A;17
CORNELIUS D;CANADA;D;4
COSTA J;PORTOGALLO;D;6
COUFAL;REPUBBLICA CECA;D;9
COURTOIS;BELGIO;P;14
CREPEAU;CANADA;P;1
CROCOMBE;NUOVA ZELANDA;P;6
CROSS;SUDAFRICA;D;3
CUBARSI P;SPAGNA;D;7
CUBAS;PARAGUAY;C;3
CUCURELLA;SPAGNA;D;12
CUNHA;BRASILE;A;10
CURTIS F;SCOZIA;C;4
DAHMEN A;TUNISIA;P;6
DALOT;PORTOGALLO;D;7
DANI OLMO;SPAGNA;C;24
DANILO DS;BRASILE;D;8
DANILO OL;BRASILE;C;6
DANSO;AUSTRIA;D;8
DARIDA;REPUBBLICA CECA;C;6
DAVID;CANADA;A;21
DAVID P;CANADA;A;14
DAVIES;CANADA;D;7
DAVIS E;PANAMA;C;9
DE ARRASCAETA G;URUGUAY;C;15
DE BRUYNE;BELGIO;C;22
DE CUYPER;BELGIO;D;13
DE FOUGEROLLES;CANADA;D;4
DE JONG;OLANDA;C;8
DE KETELAERE;BELGIO;A;20
DE LA CRUZ N;URUGUAY;C;13
DE PAUL;ARGENTINA;C;7
DE ROON;OLANDA;C;7
DE VRIES;NUOVA ZELANDA;D;6
DE WINTER;BELGIO;D;10
DEBAST Z;BELGIO;D;9
DEDIC;BOSNIA;D;9
DEEDSON;HAITI;A;16
DEGENEK;AUSTRALIA;D;3
DELCROIX;HAITI;D;3
DEMBELE O;FRANCIA;A;34
DEMIRAL;TURCHIA;D;10
DEMIROVIC;BOSNIA;A;11
DEPAY;OLANDA;A;17
DEST;USA;D;7
DEVLIN;AUSTRALIA;C;3
DIAKITE O;IVORY COAST;A;15
DIALLO TRAORE;IVORY COAST;A;18
DIAO A;SENEGAL;A;4
DIARRA H;SENEGAL;C;5
DIATTA;SENEGAL;C;7
DIAW M;SENEGAL;P;1
DIAZ B;MAROCCO;C;12
DIAZ I;PANAMA;A;10
DIENG B;SENEGAL;A;3
DIGNE;FRANCIA;D;7
DIOGO COSTA;PORTOGALLO;P;16
DIOMANDE O;IVORY COAST;D;5
DIOMANDE Y;IVORY COAST;A;20
DIOP I;MAROCCO;D;6
DIOUF CM;SENEGAL;D;3
DIOUF Y;SENEGAL;P;1
DITTA W;COLOMBIA;D;5
DOAN;GIAPPONE;C;14
DOKU;BELGIO;C;24
DOORNBUSCH;CURACAO;P;1
DOSKI M;IRAQ;D;1
DOUDERA;REPUBBLICA CECA;C;7
DOUE D;FRANCIA;A;28
DOUE G;IVORY COAST;D;3
DOUGLAS SANTOS;BRASILE;D;2
DUARTE D;CAPO VERDE;C;2
DUARTE D;CAPO VERDE;C;1
DUARTE D;CAPO VERDE;C;1
DUMFRIES;OLANDA;D;16
DUNGA N;EGITTO;C;6
DUVERGER;HAITI;P;1
DUVERNE;HAITI;D;7
DYKES;SCOZIA;A;14
DZEKO;BOSNIA;A;20
E FERNANDEZ;ARGENTINA;C;14
ECKERT AYENSA;IRAN;A;7
EDERSON;BRASILE;P;14
EDERSON DS;BRASILE;C;10
EDMILSON JUNIOR;QATAR;C;9
EIRI;IRAN;D;2
EKDAL H;SVEZIA;D;5
EL AYNAOUI;MAROCCO;C;5
EL KAABI;MAROCCO;A;15
EL KAJOUI M;MAROCCO;P;1
EL KHANNOUSS;MAROCCO;C;12
EL MOURABET S;MAROCCO;C;3
EL OUAHDI;MAROCCO;D;4
EL SHENAWY M;EGITTO;P;1
ELANGA;SVEZIA;A;22
ELIA;CONGO;A;11
ELLIOT C;NUOVA ZELANDA;C;1
ELLOUMI R;TUNISIA;A;3
ELMALI;TURCHIA;D;7
ELVEDI;SVIZZERA;D;9
EMBOLO;SVIZZERA;A;21
ENCISO;PARAGUAY;C;12
ENDRICK M;BRASILE;A;16
EOM;COREA DEL SUD;A;4
EPOLO;CONGO;P;1
ERGASHEV;UZBEKISTAN;P;1
ERIC GARCIA;SPAGNA;D;5
ERLIC;CROAZIA;D;7
ESANOV S;UZBEKISTAN;C;3
ESCOBAR F;PANAMA;D;6
ESHMURODOV;UZBEKISTAN;D;4
ESTUPINAN;ECUADOR;D;7
ETIENNE JR;HAITI;C;3
EUSTAQUIO;CANADA;C;5
EVANS COSTA;CAPO VERDE;D;5
EXPERIENCE;HAITI;D;4
EZATOLAHI;IRAN;C;4
EZE;INGHILTERRA;C;22
FABIAN RUIZ;SPAGNA;C;15
FABINHO;BRASILE;C;4
FADEL HASAN;GIORDANIA;C;6
FAJARDO J;PANAMA;A;12
FAKHOURY O;GIORDANIA;A;6
FALCHENER;NORVEGIA;D;6
FARINA E;PANAMA;D;1
FARJI M;IRAQ;C;3
FASSNACHT;SVIZZERA;C;4
FATAWU;GHANA;A;11
FATHI;QATAR;C;3
FATHY H;EGITTO;C;9
FATOUH;EGITTO;C;4
FAYULU;CONGO;P;1
FAYZULLAEV;UZBEKISTAN;A;10
FELIDA;CURACAO;C;5
FELIX J;PORTOGALLO;A;13
FERGUSON;SCOZIA;C;9
FERNANDEZ R;PARAGUAY;P;2
FERNANDEZ-PARDO;BELGIO;A;13
FERRAN T;SPAGNA;A;19
FIDALGO;MESSICO;C;4
FLEKKEN;OLANDA;P;1
FLETCHER T;SCOZIA;C;4
FLORANUS;CURACAO;D;5
FOFANA SE;IVORY COAST;C;11
FOFANA YAH;IVORY COAST;P;7
FONVILLE;CURACAO;D;2
FORTUNE;HAITI;A;4
FOSTER;SUDAFRICA;A;10
FRANCO P;ECUADOR;C;1
FREEMAN A;USA;D;5
FREULER;SVIZZERA;C;6
FRIEDL;AUSTRIA;D;6
FRUK;CROAZIA;C;9
GAARI;CURACAO;D;6
GABER;QATAR;C;4
GAKPO;OLANDA;A;27
GALARZA M;PARAGUAY;C;8
GALINDEZ;ECUADOR;P;7
GALLARDO J;MESSICO;D;7
GANIYEV;UZBEKISTAN;C;1
GARBETT;NUOVA ZELANDA;C;6
GARCIA J;SPAGNA;P;1
GAVI;SPAGNA;C;6
GEARY FREESE;USA;P;1
GEERTRUIDA;OLANDA;D;10
GERIA J;AUSTRALIA;D;2
GESSIME;MAROCCO;A;10
GHADHBAN;IRAQ;A;11
GHAEDI;IRAN;C;6
GHARBI ALVAREZ;TUNISIA;C;3
GHAYEDI;IRAN;C;3
GHEDJEMIS F;ALGERIA;A;16
GHODDOS;IRAN;C;2
GHORBANI;IRAN;C;3
GIGOVIC A;BOSNIA;C;8
GILL O;PARAGUAY;P;1
GIMENEZ;MESSICO;A;23
GIMENEZ JM;URUGUAY;D;8
GLAO TAH;GERMANIA;D;8
GODOY A;PANAMA;C;6
GOMEZ CA;COLOMBIA;A;11
GOMEZ D;PARAGUAY;C;6
GOMEZ G;PARAGUAY;D;7
GONZALEZ;ARGENTINA;A;15
GONZALEZ A;MESSICO;A;16
GOODMAN;CANADA;P;1
GORDON;INGHILTERRA;A;23
GORDON CS;SCOZIA;P;1
GORETZKA;GERMANIA;C;10
GORRE;CURACAO;A;11
GOSS;SUDAFRICA;P;1
GOTO;GIAPPONE;C;4
GOUIRI;ALGERIA;A;11
GRAVENBERCH;OLANDA;C;10
GREGORITSCH;AUSTRIA;A;21
GRILLITSCH;AUSTRIA;C;9
GRIMALDO;SPAGNA;D;13
GROSS P;GERMANIA;D;6
GUDMUNDSSON;SVEZIA;D;7
GUEDES G;PORTOGALLO;A;12
GUEHI;INGHILTERRA;D;12
GUESSAND;IVORY COAST;A;22
GUEYE I;SENEGAL;C;7
GUEYE P;SENEGAL;C;4
GUIAGON;IVORY COAST;C;2
GUIMARAES;BRASILE;C;9
GUL;TURCHIA;A;15
GUNN;SCOZIA;P;7
GUNOK;TURCHIA;P;1
GUTIERREZ;MESSICO;A;17
GUTIERREZ A;MESSICO;C;6
GUTIERREZ J;PANAMA;D;4
GVARDIOL;CROAZIA;D;9
GYOKERES V;SVEZIA;A;29
HAALAND;NORVEGIA;A;31
HADDAD;GIORDANIA;D;1
HADJ MOUSSA A;ALGERIA;A;5
HADJAM J;ALGERIA;D;5
HADZIAHMETOVIC;BOSNIA;C;6
HADZIKADUNIC D;BOSNIA;D;5
HAFEZ K;EGITTO;D;5
HAJISAFI;IRAN;D;3
HAKIMI;MAROCCO;D;12
HALHAL R;MAROCCO;D;3
HAMDAMOV;UZBEKISTAN;A;5
HAMROBEKOV;UZBEKISTAN;C;2
HANLEY G;SCOZIA;D;5
HANSEN;CURACAO;A;7
HANY M;EGITTO;D;5
HARDANI;IRAN;D;3
HASHIM;IRAQ;A;1
HASSAN;EGITTO;A;4
HASSAN M;IRAQ;P;5
HATIM;QATAR;C;1
HATO;OLANDA;D;5
HAUGE;NORVEGIA;A;12
HAVERTZ;GERMANIA;C;12
HAYAKAWA T;GIAPPONE;P;1
HEGGEM;NORVEGIA;D;7
HELIO VARELA;CAPO VERDE;C;1
HENDERSON;INGHILTERRA;C;9
HENDERSON D;INGHILTERRA;P;1
HENDRY;SCOZIA;D;4
HERNANDEZ;FRANCIA;D;14
HERNANDEZ C;COLOMBIA;A;6
HERNANDEZ L;FRANCIA;D;5
HERRINGTON L;AUSTRALIA;D;3
HICKEY;SCOZIA;D;6
HIEN;SVEZIA;D;6
HINCAPIE P;ECUADOR;D;6
HIRST G;SCOZIA;A;5
HLOZEK;REPUBBLICA CECA;A;13
HOLES;REPUBBLICA CECA;D;7
HORNICEK;REPUBBLICA CECA;P;1
HOSSEINI H;IRAN;P;1
HOSSEINZADEH;IRAN;A;5
HRANAC R;REPUBBLICA CECA;D;8
HRUSTIC;AUSTRALIA;C;7
HUERTA C;MESSICO;A;5
HWANG;COREA DEL SUD;A;18
HWANG IN-BEOM;COREA DEL SUD;C;2
HYAM D;SCOZIA;D;3
HYUN-JUN YANG;COREA DEL SUD;C;6
IBANEZ;BRASILE;D;6
IGLESIAS B;SPAGNA;A;11
INACIO G;PORTOGALLO;D;6
IQBAL;IRAQ;C;8
IRANKUNDA N;AUSTRALIA;C;6
IRVINE J;AUSTRALIA;C;7
ISAK;SVEZIA;A;18
ISAMIL Z;IRAQ;C;2
ISIDOR W;HAITI;A;3
ISKANDEROV;UZBEKISTAN;C;3
ITAKURA;GIAPPONE;D;10
ITALIANO J;AUSTRALIA;D;2
ITO;GIAPPONE;A;12
ITO H;GIAPPONE;D;8
ITTEN;SVIZZERA;A;12
IZZO;AUSTRALIA;P;1
JACKSON;SENEGAL;A;19
JAHANBAKHSH;IRAN;C;4
JAKIC;CROAZIA;C;12
JAKOBS;SENEGAL;D;4
JAMES;INGHILTERRA;D;13
JAMOUS;GIORDANIA;D;4
JAMSHID;QATAR;A;4
JAQUEZ L;SVIZZERA;D;6
JASHARI A;SVIZZERA;C;4
JASIM A;IRAQ;C;2
JEAN-JACQUES;HAITI;C;9
JO;COREA DEL SUD;P;7
JOAO NEVES;PORTOGALLO;C;17
JOHANSSON H;SVEZIA;C;1
JOHANSSON VT;SVEZIA;P;8
JOHNSTON AW;CANADA;D;3
JONES A;CANADA;D;4
JOSEPH JR;HAITI;C;1
JURASEK;REPUBBLICA CECA;D;5
JURKAS;BOSNIA;P;1
JUST;NUOVA ZELANDA;A;18
KABAK;TURCHIA;D;5
KABINI;SUDAFRICA;D;4
KADIOGLU F;TURCHIA;D;9
KAHVECI;TURCHIA;C;14
KAKU RG;PARAGUAY;C;6
KAKUTA G;CONGO;C;5
KALAJDZIC S;AUSTRIA;A;3
KALULU K;CONGO;D;4
KAMADA;GIAPPONE;C;13
KANAANI;IRAN;D;2
KANE;INGHILTERRA;A;39
KANNO;ARABIA SAUDITA;C;5
KANTE;FRANCIA;C;8
KAPUADI;CONGO;D;1
KARIMOV B;UZBEKISTAN;D;4
KARLSTROM J;SVEZIA;C;5
KASTANEER;CURACAO;A;14
KATIC;BOSNIA;D;7
KAYEMBE E;CONGO;C;4
KAYEMBE J;CONGO;D;6
KELLER;SVIZZERA;P;1
KELLY;SCOZIA;P;1
KESSIE;IVORY COAST;C;7
KHALILZADEH;IRAN;D;1
KHEDIRA;TUNISIA;C;4
KHOUKHI;QATAR;D;7
KHUSANOV;UZBEKISTAN;D;3
KIM JG;COREA DEL SUD;C;6
KIM MH;COREA DEL SUD;D;3
KIM MIN-JAE;COREA DEL SUD;D;7
KIM SG;COREA DEL SUD;P;1
KIM TH;COREA DEL SUD;D;4
KIMMICH;GERMANIA;D;13
KLUIVERT;OLANDA;A;16
KOBEL;SVIZZERA;P;13
KOKCU;TURCHIA;C;15
KOLASINAC;BOSNIA;D;6
KONAN;IVORY COAST;D;4
KONATE I;FRANCIA;D;10
KONE;FRANCIA;C;7
KONE IS;CANADA;C;4
KONE M;IVORY COAST;P;1
KONSA;INGHILTERRA;D;14
KOOPMEINERS;OLANDA;C;8
KOSSOUNOU;IVORY COAST;D;6
KOTARSKI;CROAZIA;P;1
KOULIBALY;SENEGAL;D;8
KOUNDE;FRANCIA;D;9
KOVACIC;CROAZIA;C;9
KOVAR;REPUBBLICA CECA;P;8
KRAMARIC;CROAZIA;A;25
KREJCI L;REPUBBLICA CECA;D;10
KUBO;GIAPPONE;C;16
KUCHTA J;REPUBBLICA CECA;A;6
KUWAS;CURACAO;C;3
LACROIX;FRANCIA;D;6
LACROIX D;HAITI;D;6
LAFONT;IVORY COAST;P;1
LAGERBIELKE;SVEZIA;P;1
LAIMER;AUSTRIA;C;11
LAJAMI;ARABIA SAUDITA;D;6
LAMMENS;BELGIO;P;1
LANG;OLANDA;A;15
LANGAS S;NORVEGIA;D;4
LAPORTE;SPAGNA;D;8
LARIN;CANADA;A;10
LARYEA;CANADA;D;5
LASHEEN M;EGITTO;C;6
LAYE;QATAR;C;2
LEAO;PORTOGALLO;A;20
LECKIE;AUSTRALIA;C;3
LEE DG;COREA DEL SUD;C;4
LEE GH;COREA DEL SUD;D;3
LEE HB;COREA DEL SUD;D;4
LEE JS;COREA DEL SUD;C;5
LEE KI;COREA DEL SUD;C;10
LEE TS;COREA DEL SUD;D;6
LENINI K;CAPO VERDE;C;5
LERMA;COLOMBIA;C;7
LEWELING;GERMANIA;A;10
LIENHART;AUSTRIA;D;7
LINDELOF;SVEZIA;D;6
LIRA E;MESSICO;C;3
LIVAKOVIC;CROAZIA;P;14
LIVRAMENTO;INGHILTERRA;D;10
LIVRAMENTO DR;CAPO VERDE;A;12
LJUBICIC;AUSTRIA;C;3
LLORENTE M;SPAGNA;C;10
LO CELSO;ARGENTINA;C;8
LOCADIA;CURACAO;A;5
LOMBA NETO;PORTOGALLO;A;18
LONDONO A;PANAMA;A;4
LOPES R;CAPO VERDE;D;5
LOPEZ;ARGENTINA;A;6
LUCKASSEN;GHANA;D;4
LUCUMI;COLOMBIA;D;5
LUIZ DIAZ;COLOMBIA;A;28
LUIZ HENRIQUE;BRASILE;A;15
LUKAKU;BELGIO;A;26
LUKEBAKIO;BELGIO;C;10
LUKIC L;BOSNIA;C;3
MAC ALLISTER;ARGENTINA;C;7
MACHADO MENA;COLOMBIA;D;10
MACHINO;GIAPPONE;C;6
MADIBO;QATAR;C;4
MADUEKE;INGHILTERRA;A;21
MAEDA;GIAPPONE;A;11
MAGALHAES;BRASILE;D;11
MAHBOOB;ARABIA SAUDITA;C;8
MAHMAUD H;TUNISIA;C;2
MAHMIC E;BOSNIA;C;3
MAHREZ;ALGERIA;A;6
MAIDANA;PARAGUAY;D;3
MAIGNAN;FRANCIA;P;17
MAINOO;INGHILTERRA;C;7
MAJID HA;EGITTO;C;4
MAKGOPA;SUDAFRICA;A;8
MAKHANYA;SUDAFRICA;D;3
MAKNZI;IRAQ;D;2
MALEN;OLANDA;A;25
MALIK;BOSNIA;D;3
MALO GUSTO;FRANCIA;D;10
MANDASH S;ARABIA SAUDITA;C;2
MANDI;ALGERIA;D;4
MANE;SENEGAL;A;22
MANZAMBI J;SVIZZERA;C;11
MARGARITHA;CURACAO;A;8
MARMOUSH;EGITTO;A;23
MARQUINHOS;BRASILE;D;8
MARTHA;CURACAO;D;3
MARTINELLI;BRASILE;A;20
MARTINEZ;PANAMA;C;3
MARTINEZ E;ARGENTINA;P;16
MARTINEZ EM;URUGUAY;C;3
MARTINEZ G;MESSICO;A;6
MARTINEZ L;ARGENTINA;A;30
MARTINEZ LI;ARGENTINA;D;8
MASEKO;SUDAFRICA;A;1
MASHARIPOV;UZBEKISTAN;C;3
MASTIL;ALGERIA;P;1
MASTOURI;TUNISIA;A;7
MASUAKO;CONGO;D;4
MATANOVIC I;CROAZIA;A;7
MATETA;FRANCIA;A;20
MATULUDI;SUDAFRICA;D;2
MAURICIO;PARAGUAY;C;4
MAYELE F;CONGO;A;14
MAZA;ALGERIA;C;6
MAZRAOUI;MAROCCO;D;8
MBAPPE;FRANCIA;A;40
MBATHA;SUDAFRICA;C;6
MBAYE I;SENEGAL;C;3
MBEMBA C;CONGO;D;5
MBOKAZI;SUDAFRICA;D;4
MBUKU;CONGO;A;2
MCCOWATT;NUOVA ZELANDA;C;7
MCGINN;SCOZIA;C;8
MCKENNA;SCOZIA;D;5
MCKENNIE;USA;C;8
MCKENZIE M;USA;D;6
MCLEAN;SCOZIA;C;9
MCTOMINAY;SCOZIA;C;18
MECHELE;BELGIO;D;10
MEDINA;ARGENTINA;D;8
MEDINA Q;PANAMA;C;2
MEDINA Y;ECUADOR;C;3
MEJBRI;TUNISIA;C;3
MEJIA CAJAR;PANAMA;P;4
MELE S;URUGUAY;P;1
MEMIC;BOSNIA;C;8
MENDES;QATAR;D;5
MENDES RY;CAPO VERDE;A;10
MENDES TAV;PORTOGALLO;D;7
MENDY A;SENEGAL;D;5
MENDY E;SENEGAL;P;8
MENSAH G;GHANA;D;7
MERINO;SPAGNA;C;22
MESSI;ARGENTINA;A;32
METCALFE C;AUSTRALIA;C;7
METUSALA;HAITI;D;1
MEUNIER;BELGIO;D;8
MILLAR;CANADA;A;9
MILLER R;PANAMA;D;2
MINA Y;COLOMBIA;D;11
MINDA A;ECUADOR;A;9
MOBIL A;AUSTRALIA;A;3
MODIBA A;SUDAFRICA;D;6
MODRIC;CROAZIA;C;15
MOFOKENG;SUDAFRICA;C;5
MOGHANLOO;IRAN;A;8
MOHAMMADI;IRAN;D;1
MOHEBI;IRAN;C;3
MOJICA;COLOMBIA;D;12
MOKOENA;SUDAFRICA;C;6
MOLINA L;ARGENTINA;D;8
MONTEIRO JA;CAPO VERDE;C;8
MONTERO A;COLOMBIA;P;1
MONTES;MESSICO;D;4
MONTIEL;ARGENTINA;D;10
MORA G;MESSICO;C;3
MOREIRA;CAPO VERDE;D;1
MOREIRA D;BELGIO;C;7
MOREIRA FER;CAPO VERDE;C;4
MOREMI;SUDAFRICA;C;3
MORO N;CROAZIA;C;11
MOSQUERA;PANAMA;P;1
MOUTOUSSAMY;CONGO;C;7
MOZGOVOY;UZBEKISTAN;C;4
M'PASI;CONGO;P;6
MUDAU;SUDAFRICA;D;7
MUHAMEROVIC T;BOSNIA;D;8
MUHEIM M;SVIZZERA;D;7
MUJAKIC;BOSNIA;D;7
MUKAU N;CONGO;C;3
MULDUR;TURCHIA;D;8
MUMIN A;GHANA;D;4
MUNOZ D;COLOMBIA;D;7
MUNOZ V;SPAGNA;A;17
MUNTARI;QATAR;A;7
MURILLO A;PANAMA;D;5
MUSA;CROAZIA;A;11
MUSIALA;GERMANIA;A;26
MUSLERA;URUGUAY;P;1
MUSSO;ARGENTINA;P;1
MVOGO Y;SVIZZERA;P;1
MWENE;AUSTRIA;D;6
NAGATOMO;GIAPPONE;D;4
NAKAMURA;GIAPPONE;C;12
NASIB A;GIORDANIA;D;3
NASRULLAYEV;UZBEKISTAN;D;5
NAZON;HAITI;A;8
NDAMANE;SUDAFRICA;D;3
NDIAYE I;SENEGAL;A;16
NDIAYE PC;SENEGAL;A;13
N'DICKA;IVORY COAST;D;5
NDOYE;SVIZZERA;C;13
NEFFATI;TUNISIA;D;3
NELSON;CANADA;C;6
NEMATI;IRAN;D;3
NEMATOV;UZBEKISTAN;P;1
NEUER;GERMANIA;P;15
NEYMAR;BRASILE;C;22
NGOY;BELGIO;D;6
NIAKHATE;SENEGAL;D;7
NIAZMAND;IRAN;P;1
NICO PAZ;ARGENTINA;C;15
NILSSON;SVEZIA;A;5
NMECHA F;GERMANIA;C;9
NORDFELDT;SVEZIA;P;1
NOSLIN;CURACAO;D;4
NUAMAH;GHANA;C;12
NUBEL;GERMANIA;P;1
NUNES;PORTOGALLO;C;11
NUNEZ;URUGUAY;A;24
NUNO DA COSTA;CAPO VERDE;A;1
NUSA;NORVEGIA;C;17
NYGREN;SVEZIA;A;13
NYLAND;NORVEGIA;P;13
OBAID S;GIORDANIA;D;4
OBISPO;CURACAO;D;2
OCHOA;MESSICO;P;1
ODEGAARD;NORVEGIA;C;15
OGAWA;GIAPPONE;A;23
OH HG;COREA DEL SUD;A;19
OJEDA R;PARAGUAY;C;6
OKAFOR;SVIZZERA;A;16
OKON;SUDAFRICA;D;3
OKON-ENGSTLER;AUSTRALIA;C;3
OLD B;NUOVA ZELANDA;C;3
OLISE;FRANCIA;C;21
OLIVERA;URUGUAY;D;6
OLUWASEYI;CANADA;A;8
OLVEIRA;PARAGUAY;P;6
ONANA AM;BELGIO;C;10
O'NEILL;AUSTRALIA;C;8
OPERI;IVORY COAST;D;1
OPOKU J;GHANA;D;4
OPPONG;GHANA;D;3
ORDONEZ G;ECUADOR;D;8
O'REILLY N;INGHILTERRA;C;8
ORUNOV;UZBEKISTAN;A;11
OSAKO;GIAPPONE;P;1
OSORIO;CANADA;C;6
OSPINA R;COLOMBIA;P;1
OSTIGARD;NORVEGIA;D;8
OTAMENDI;ARGENTINA;D;13
OUEDRAOGO A;GERMANIA;C;6
OULAI C;IVORY COAST;C;2
OUNAHI;MAROCCO;C;7
OWUSU E;GHANA;C;5
OYARZABAL;SPAGNA;A;22
OZCAN;TURCHIA;C;16
PACHO;ECUADOR;D;3
PAEZ;ECUADOR;C;12
PAIK;COREA DEL SUD;C;9
PALACIOS;ARGENTINA;C;7
PANDUR;CROAZIA;P;1
PAQUETA;BRASILE;C;12
PAREDES;ARGENTINA;C;5
PARK JS;COREA DEL SUD;C;9
PARTEY;GHANA;C;11
PASALIC;CROAZIA;C;16
PASALIC M;CROAZIA;A;10
PATTERSON;SCOZIA;D;4
PAUGAIN;HAITI;D;1
PAULSEN;NUOVA ZELANDA;P;1
PAVLOVIC A;GERMANIA;C;7
PAYNE;NUOVA ZELANDA;D;5
PEDERSEN;NORVEGIA;D;7
PEDRI;SPAGNA;C;18
PEDRO MIGUEL;QATAR;D;2
PEDRO PORRO;SPAGNA;D;10
PELLISTRI;URUGUAY;C;3
PENDERS;BELGIO;P;1
PENTZ;AUSTRIA;P;1
PEPE N;IVORY COAST;A;7
PEPI;USA;A;17
PEREIRA LEO;BRASILE;D;5
PERISIC;CROAZIA;C;17
PEZZELLA;ARGENTINA;D;4
PICKEL;CONGO;C;8
PICKFORD;INGHILTERRA;P;16
PIERRE;HAITI;P;1
PIERRE OW;HAITI;C;1
PIERROT;HAITI;A;7
PIJNAKER Z;NUOVA ZELANDA;D;2
PINEDA O;MESSICO;C;4
PIQUEREZ J;URUGUAY;D;7
PIRES K;CAPO VERDE;D;1
PITTA I;PARAGUAY;A;10
PLACIDE;HAITI;P;5
PLATA G;ECUADOR;A;13
PONGRACIC;CROAZIA;D;6
POROZO GJ;ECUADOR;D;2
PORTILLA O;COLOMBIA;C;9
POSCH;AUSTRIA;D;8
PRASS A;AUSTRIA;C;6
PRECIADO A;ECUADOR;D;4
PROVIDENCE;HAITI;A;11
PROVOD;REPUBBLICA CECA;C;8
PUBILL;SPAGNA;D;6
PUERTA;COLOMBIA;C;5
PULISIC;USA;C;13
PUTROS F;IRAQ;D;4
QASEM;IRAQ;C;2
QUANSAH;INGHILTERRA;D;9
QUINONES J;MESSICO;A;5
QUINTERO JF;COLOMBIA;C;13
RABIA;EGITTO;D;6
RABIOT;FRANCIA;C;16
RADELJIC;BOSNIA;D;5
RAHEEM;IRAQ;P;1
RAHIMI;MAROCCO;A;8
RAHMAN;IRAQ;D;6
RALSTON;SCOZIA;D;5
RAMIREZ M;ECUADOR;P;1
RAMOS DIAZ;PANAMA;D;1
RAMOS G;PORTOGALLO;A;27
RANDALL;NUOVA ZELANDA;A;3
RANGEL R;MESSICO;P;8
RAPHINA DB;BRASILE;A;31
RASHFORD;INGHILTERRA;A;20
RASKIN;BELGIO;C;9
RAUL J;MESSICO;A;7
RAUM;GERMANIA;D;7
RAYA MARTIN;SPAGNA;P;1
RAYAN;BRASILE;A;5
RAYNERS;SUDAFRICA;A;7
RAZZAGHINIA;IRAN;C;3
REAM;USA;D;5
REIJNDERS;OLANDA;C;14
REKIK;TUNISIA;D;4
REYES I;MESSICO;D;4
REYNA;USA;C;10
REZAEIAN R;IRAN;D;5
RIAD C;MAROCCO;D;7
RICE;INGHILTERRA;C;18
RICHARDS C;USA;C;12
RIEDER;SVIZZERA;C;9
RIOS R;COLOMBIA;C;4
RISSER R;FRANCIA;P;1
ROBERTSON;SCOZIA;D;6
ROBINSON A;USA;D;6
ROBINSON M;USA;D;4
ROCHET S;URUGUAY;P;9
RODRI;SPAGNA;C;8
RODRIGUES G;CAPO VERDE;A;6
RODRIGUEZ BR;URUGUAY;C;9
RODRIGUEZ J;PANAMA;A;15
RODRIGUEZ JD;COLOMBIA;A;17
RODRIGUEZ K;ECUADOR;A;2
RODRIGUEZ R;SVIZZERA;D;7
RODRIGUEZ T;PANAMA;A;4
ROEFS;OLANDA;P;1
ROEMERATOE;CURACAO;C;6
ROGERS M;INGHILTERRA;A;16
ROLDAN;USA;C;8
ROMERO;ARGENTINA;D;11
ROMO L;MESSICO;C;2
RONALDO C;PORTOGALLO;A;38
ROOM;CURACAO;P;5
ROSA M;CAPO VERDE;P;1
RUBEN DIAS;PORTOGALLO;D;10
RUBEN NEVES;PORTOGALLO;C;12
RUDIGER;GERMANIA;D;11
RUFER;NUOVA ZELANDA;C;4
RULLI G;ARGENTINA;P;1
RYAN MD;AUSTRALIA;P;8
RYERSON;NORVEGIA;D;11
SA;PORTOGALLO;P;1
SAAD E;TUNISIA;A;4
SAADANE M;MAROCCO;D;3
SAADEH;GIORDANIA;C;2
SAADOON;IRAQ;C;4
SABER M;EGITTO;C;6
SABITZER;AUSTRIA;C;13
SADIKI N;CONGO;C;5
SADILEK;REPUBBLICA CECA;C;7
SAELEMAEKERS;BELGIO;C;9
SAIBARI BEB;MAROCCO;C;11
SAINTE;HAITI;C;1
SAKA;INGHILTERRA;A;24
SALAH;EGITTO;A;28
SALAH-EDDINE;MAROCCO;D;5
SALIBA;FRANCIA;D;11
SALIBA N;CANADA;C;6
SAMBA;FRANCIA;P;1
SAMBO S;CURACAO;D;4
SAMUDIO C;PANAMA;P;1
SANABRIA;PARAGUAY;A;17
SANABRIA JM;URUGUAY;C;3
SANCHEZ JO;MESSICO;D;5
SANCHEZ MINA;COLOMBIA;D;12
SANE;GERMANIA;A;27
SANGARE';IVORY COAST;C;8
SANO K;GIAPPONE;D;6
SANTOS C;CAPO VERDE;P;1
SAPOKO N;SENEGAL;A;7
SARR I;SENEGAL;A;15
SARR M;SENEGAL;D;4
SARR PM;SENEGAL;C;8
SAYED;EGITTO;C;14
SAYFIYEV;UZBEKISTAN;D;1
SBAI;MAROCCO;C;5
SCALLY;USA;D;5
SCHICK;REPUBBLICA CECA;A;26
SCHJELDERUP A;NORVEGIA;C;13
SCHLAGER;AUSTRIA;C;8
SCHLAGER A;AUSTRIA;P;8
SCHLOTTERBECK N;GERMANIA;D;12
SCHMID R;AUSTRIA;C;8
SCHOPF;AUSTRIA;C;6
SEBELEBELE;SUDAFRICA;C;3
SECK A;SENEGAL;D;5
SEIDU;GHANA;D;6
SEIWALD;AUSTRIA;C;7
SEKO;GIAPPONE;D;5
SELVIK E;NORVEGIA;P;1
SEMA;SVEZIA;C;6
SEMEDO;PORTOGALLO;C;11
SEMEDO W;CAPO VERDE;A;5
SEMEDO Y;CAPO VERDE;C;5
SEMENYO;GHANA;C;12
SENAYA;GHANA;D;4
SENESI BARON;ARGENTINA;D;4
SEOL YW;COREA DEL SUD;D;2
SERGEEV;UZBEKISTAN;A;8
SERI;IVORY COAST;C;4
SEYS;BELGIO;D;6
SHAFFELBURG;CANADA;C;3
SHANKLAND;SCOZIA;A;8
SHARARH;GIORDANIA;A;5
SHER;IRAQ;C;3
SHIOGAI;GIAPPONE;A;7
SHOBEIR A;EGITTO;P;5
SHOMURODOV;UZBEKISTAN;A;7
SHUKUROV;UZBEKISTAN;C;4
SIBISI;SUDAFRICA;D;6
SIBO K;GHANA;C;5
SIGUR;CANADA;D;4
SIMON D;HAITI;C;1
SINGH;NUOVA ZELANDA;C;7
SINGO;IVORY COAST;D;7
SITHOLE;SUDAFRICA;C;4
SKHIRI;TUNISIA;C;5
SLIMANE;TUNISIA;C;3
SMITH E;SVEZIA;C;4
SMITH TJ;NUOVA ZELANDA;D;1
SOCHUREK;REPUBBLICA CECA;C;4
SOJKA A;REPUBBLICA CECA;C;3
SOLIMAN;EGITTO;P;3
SON;COREA DEL SUD;A;21
SONG BK;COREA DEL SUD;P;1
SORLOTH;NORVEGIA;A;25
SOSA R;PARAGUAY;C;9
SOUCEK;REPUBBLICA CECA;C;11
SOUTTAR;SCOZIA;D;5
SOUTTAR H;AUSTRALIA;D;8
SOW;SVIZZERA;C;10
SOYUNCU;TURCHIA;D;6
SPENCE;INGHILTERRA;D;8
ST CLAIR;CANADA;P;8
STAMENIC N;NUOVA ZELANDA;C;6
STANEK;REPUBBLICA CECA;P;1
STANISIC;CROAZIA;D;9
STARFELT;SVEZIA;D;7
STEWART R;SCOZIA;A;4
STILLER;GERMANIA;C;6
STONES;INGHILTERRA;D;7
STOPIRA;CAPO VERDE;D;1
STRAND LARSEN;NORVEGIA;A;24
STROUD;SVEZIA;C;3
SUAREZ C;COLOMBIA;A;19
SUCIC;CROAZIA;C;8
SUCIC P;CROAZIA;C;9
SUGAWARA Y;GIAPPONE;D;8
SULAKA R;IRAQ;D;1
SULC;REPUBBLICA CECA;C;10
SULEMANA K;GHANA;C;3
SUMMERVILLE C;OLANDA;A;12
SUNJIC;BOSNIA;C;8
SURMAN;NUOVA ZELANDA;D;3
SUTALO;CROAZIA;D;8
SUZUKI J;GIAPPONE;D;4
SUZUKI Y;GIAPPONE;C;4
SUZUKI Z;GIAPPONE;P;9
SVANBERG;SVEZIA;C;6
SVENSSON D;SVEZIA;D;5
SVOBODA;AUSTRIA;D;3
TABAKOVIC H;BOSNIA;A;13
TAGLIAFICO;ARGENTINA;D;10
TAGNAOUTI;MAROCCO;P;1
TAHA;GIORDANIA;A;1
TAHIROVIC;BOSNIA;C;13
TAHSEEN;IRAQ;D;2
TALBI;TUNISIA;D;6
TALBI C;MAROCCO;C;7
TANAKA A;GIAPPONE;C;10
TANGVIK;NORVEGIA;P;1
TANIGUCHI;GIAPPONE;D;7
TAREMI;IRAN;A;16
TCHOUAMENI;FRANCIA;C;7
THAKRI;ARABIA SAUDITA;D;4
THEATE;BELGIO;D;11
THERMONCY K;HAITI;D;1
THIAGO I;BRASILE;A;29
THIAW;GERMANIA;D;9
THOMAS R;NUOVA ZELANDA;C;2
THOMAS-ASANTE;GHANA;A;6
THORSBY;NORVEGIA;C;5
THORSTVEDT;NORVEGIA;C;7
THURAM;FRANCIA;A;21
TIELEMANS;BELGIO;C;14
TIERNEY;SCOZIA;D;8
TIL;OLANDA;C;5
TILLMAN;USA;C;5
TIMBER Q;OLANDA;C;13
TITRAOUI;ALGERIA;C;3
TOMIYASU;GIAPPONE;D;6
TONEY;INGHILTERRA;A;15
TORABI;IRAN;C;4
TORRES CAI;ECUADOR;D;7
TOUGAI;ALGERIA;D;4
TOUNEKTI;TUNISIA;A;5
TOURE;AUSTRALIA;A;7
TRAFFORD;INGHILTERRA;P;1
TRAORE' AB;IVORY COAST;A;16
TREWIN KC;AUSTRALIA;D;4
TREZEGUET H;EGITTO;C;16
TRINCAO;PORTOGALLO;A;24
TROSSARD;BELGIO;A;23
TRUSTY;USA;D;7
TSHIBOLA;CONGO;C;3
TUANZEBE A;CONGO;D;3
TURNER;USA;P;7
UEDA;GIAPPONE;A;16
UGARTE;URUGUAY;C;5
ULMASALIYEV;UZBEKISTAN;D;2
UNAI S;SPAGNA;P;16
UNDAV;GERMANIA;A;27
UPAMECANO;FRANCIA;D;12
UROZOV;UZBEKISTAN;D;3
UZUN C;TURCHIA;A;7
VALENCIA AL;ECUADOR;A;2
VALENCIA E;ECUADOR;A;18
VALERY;TUNISIA;D;5
VALLE G;ECUADOR;P;1
VALVERDE;URUGUAY;C;18
VAN DE VEN;OLANDA;D;10
VAN DIJK;OLANDA;D;11
VAN EIJMA;CURACAO;D;7
VAN HECKE;OLANDA;D;7
VANAKEN;BELGIO;C;12
VARELA G;URUGUAY;D;9
VARGAS GIL;COLOMBIA;P;12
VARGAS O;MESSICO;C;7
VARGAS R;SVIZZERA;C;11
VASILJ N;BOSNIA;P;7
VASQUEZ;MESSICO;D;3
VEGA ROJAS;MESSICO;A;6
VEIGA R;PORTOGALLO;D;11
VELAZQUEZ VG;PARAGUAY;D;7
VELHO R;PORTOGALLO;P;1
VELUPILLAY;AUSTRALIA;A;4
VERBRUGGEN;OLANDA;P;12
VINA;URUGUAY;D;8
VINAS F;URUGUAY;A;19
VINICIUS;BRASILE;A;31
VISINSKY;REPUBBLICA CECA;C;5
VITE UCA;ECUADOR;C;7
VITINHA;PORTOGALLO;C;10
VLASIC;CROAZIA;C;11
VOLPATO;AUSTRALIA;C;9
VOZINHA;CAPO VERDE;P;6
VUSKOVIC L;CROAZIA;D;5
WAGNER PINA;CAPO VERDE;D;2
WAHI;IVORY COAST;A;14
WAINE;NUOVA ZELANDA;A;11
WAN-BISSAKA;CONGO;D;7
WANNER;AUSTRIA;C;3
WATANABE;GIAPPONE;D;5
WATERMAN;CANADA;D;4
WATERMAN C;PANAMA;A;14
WATKINS;INGHILTERRA;A;25
WEAH;USA;C;9
WEGHORST;OLANDA;A;13
WEVERTON;BRASILE;P;1
WIDMER;SVIZZERA;D;8
WIEFFER M;OLANDA;D;4
WIEGELE;AUSTRIA;P;1
WILLIAMS;SUDAFRICA;P;6
WILLIAMS D;GHANA;A;14
WILLIAMS JR;SPAGNA;A;27
WIMMER;AUSTRIA;C;5
WIRTZ;GERMANIA;C;16
WISSA;CONGO;A;9
WITSEL;BELGIO;C;5
WOLFE;NORVEGIA;D;8
WOLTEMADE;GERMANIA;A;30
WOOD;NUOVA ZELANDA;A;21
WOUD M;NUOVA ZELANDA;C;1
WRIGHT H;USA;A;8
XHAKA;SVIZZERA;C;12
YAHIA;ARABIA SAUDITA;D;2
YAKOB;IRAQ;C;2
YAMAL;SPAGNA;A;36
YANIS C;PANAMA;C;5
YASSER I;EGITTO;D;4
YEBOAH J;ECUADOR;A;13
YENGI;AUSTRALIA;A;5
YEREMI;SPAGNA;C;13
YILDIZ;TURCHIA;A;22
YILMAZ BA;TURCHIA;A;16
YIRENKYI;GHANA;C;4
YUKSEK;TURCHIA;C;14
YUSUPOV;UZBEKISTAN;P;6
ZAIRE-EMERY;FRANCIA;C;8
ZAKARIA;SVIZZERA;C;8
ZAKARIA S;QATAR;P;1
ZALAZAR R;URUGUAY;C;3
ZELENY J;REPUBBLICA CECA;D;7
ZENDEJAS;USA;A;9
ZENELI;SVEZIA;C;4
ZERROUKI;ALGERIA;C;4
ZETTERSTROM W;SVEZIA;P;1
ZIDANE F;ALGERIA;P;7
ZIGI;GHANA;P;5
ZIKO M;EGITTO;A;14
ZIMA;REPUBBLICA CECA;D;4
ZLOMISLIC;BOSNIA;P;1
ZUBIMENDI;SPAGNA;C;10
ZWANE;SUDAFRICA;C;6
